Workbook

Sheet RESUMEN
B2: CORSAGA, S.A. - ROSANTA
B3: Cierre de Inventario
B4: Periodo: Mayo 2026
B5: Fecha de cierre: 31/05/2026
B7: INVENTARIO BARRA | C7: Existencia (Q)
B8: Rones | C8: ='DETALLE BARRA'!C12 -> 1058.25
B9: Whisky / Bourbon | C9: ='DETALLE BARRA'!C31 -> 5967.9
B10: Vodka | C10: ='DETALLE BARRA'!C39 -> 8.5
B11: Gin | C11: ='DETALLE BARRA'!C48 -> 645.65
B12: Tequila / Mezcal | C12: ='DETALLE BARRA'!C62 -> 1034.75
B13: Aperitivos / Digestivos | C13: ='DETALLE BARRA'!C81 -> 1715.97
B14: Vinos facturados | C14: ='DETALLE BARRA'!C98 -> 3817.39
B15: Cervezas y sodas | C15: ='DETALLE BARRA'!C118 -> 1927.35
B16: Subtotal BARRA | C16: =SUM(C8:C15) -> 16175.76
B18: INVENTARIO COCINA | C18: Existencia (Q)
B19: Carnes | C19: ='DETALLE COCINA'!D16 -> 1402.125
B20: Mariscos | C20: ='DETALLE COCINA'!D29 -> 316.125
B21: Aves y Lacteos | C21: ='DETALLE COCINA'!D51 -> 1369.84
B22: Abarrotes | C22: ='DETALLE COCINA'!D86 -> 1294.06
B23: Verduras y Especias | C23: ='DETALLE COCINA'!D164 -> 1080.756
B24: Produccion Rosanta | C24: ='DETALLE COCINA'!D224 -> 1982.5
B25: Doorways-Vijusa (limpieza) | C25: ='DETALLE COCINA'!D245 -> 1091.34
B26: Subtotal COCINA | C26: =SUM(C19:C25) -> 8536.746
B28: GRAN TOTAL INVENTARIO | C28: =C16+C26 -> 24712.506
B31: Elaborado por: _______________________
B33: Revisado por: _______________________

Sheet DETALLE BARRA
A1: DETALLE INVENTARIO BARRA - CIERRE MAYO 2026
A3: RONES
A4: Producto | B4: Precio Unit. (Q) | C4: Valor en existencia (Q)
A5: Zacapa 23 | B5: 300 | C5: 240
A6: Zacapa XO | B6: 987 | C6: 0
A7: Botran 12 | B7: 84 | C7: 92.4
A8: Botran Reserva Blanca | B8: 84 | C8: 54.6
A9: Colonial | B9: 150 | C9: 450
A10: Botran Oro | B10: 75 | C10: 131.25
A11: Quezalteca | B11: 50 | C11: 90
A12: Subtotal Rones | C12: =SUM(C5:C11) -> 1058.25
A14: WHISKY / BOURBON
A15: Producto | B15: Precio Unit. (Q) | C15: Valor en existencia (Q)
A16: Jameson | B16: 188 | C16: 37.6
A17: Old Parr | B17: 321.46 | C17: 16.07
A18: Buchannas 12 | B18: 375 | C18: 300
A19: Buchannas 18 | B19: 907.92 | C19: 907.92
A20: Red Label | B20: 185 | C20: 166.5
A21: Black Label | B21: 318.93 | C21: 574.07
A22: Double Black | B22: 411.32 | C22: 246.79
A23: Glenmorangie Original | B23: 700 | C23: 840
A24: Macallan | B24: 700 | C24: 105
A25: Gold Label | B25: 750 | C25: 1425
A26: Glenliveth | B26: 750 | C26: 600
A27: Akashi | B27: 351 | C27: 245.7
... A30: Wild Turkey 101 | B30: 205 | C30: 256.25
A31: Subtotal Whisky / Bourbon | C31: =SUM(C16:C30) -> 5967.9
A33: VODKA
A34: Producto | B34: Precio Unit. (Q) | C34: Valor en existencia (Q)
A35: Smirnoff | B35: 86 | C35: 0
A36: Grey Goose | B36: 397 | C36: 0
A37: Ciroc | B37: 416.38 | C37: 0
A38: Sky | B38: 85 | C38: 8.5
A39: Subtotal Vodka | C39: =SUM(C35:C38) -> 8.5
A41: GIN
A42: Producto | B42: Precio Unit. (Q) | C42: Valor en existencia (Q)
A43: Puerto de Indias Fresa | B43: 143 | C43: 0
A44: Puerto de Indias Rose | B44: 143 | C44: 0
A45: Hendrix | B45: 372 | C45: 0
A46: Gibson | B46: 91.75 | C46: 165.15
A47: Xibal Akbal | B47: 155 | C47: 480.5
A48: Subtotal Gin | C48: =SUM(C43:C47) -> 645.65
A50: TEQUILA / MEZCAL
A51: Producto | B51: Precio Unit. (Q) | C51: Valor en existencia (Q)
A52: 1800 Cristalino | B52: 305 | C52: 76.25
A53: Merendero | B53: 65 | C53: 117
A54: Don Julio Reposado | B54: 528.24 | C54: 0
A55: Don Julio Blanco | B55: 480 | C55: 480
A56: Don Julio 70 | B56: 497.2 | C56: 0
A57: Fregon | B57: 190 | C57: 190
A58: Mezcal Verde | B58: 245 | C58: 171.5
A59: Cupreata | B59: 300 | C59: 0
A60: Tobasiche | B60: 300 | C60: 0
A61: Alipus | B61: 320 | C61: 0
A62: Subtotal Tequila / Mezcal | C62: =SUM(C52:C61) -> 1034.75
A64: APERITIVOS / DIGESTIVOS
A65: Producto | B65: Precio Unit. (Q) | C65: Valor en existencia (Q)
A66: Yzaguirre Reserva | B66: 142.54 | C66: 128.29
A67: Yzaguirre Rojo | B67: 122 | C67: 36.6
A68: Campari | B68: 170 | C68: 246.5
A69: Aperol | B69: 154 | C69: 154
A70: Villa Cardea | B70: 74 | C70: 13.32
A71: Cinzano Rosso | B71: 85 | C71: 102
A72: Kalhua | B72: 154 | C72: 107.8
A73: Licor 43 | B73: 202.8 | C73: 202.8
A74: Licor Chocolate | B74: 75 | C74: 11.25
A75: Amaretto Cream | B75: 276 | C75: 193.2
A76: Cointreau | B76: 274.7 | C76: 233.5
A77: Grand Marnier | B77: 297 | C77: 89.1
... A80: Elderflower | B80: 78 | C80: 62.4
A81: Subtotal Aperitivos / Digestivos | C81: =SUM(C66:C80) -> 1715.97
A83: VINOS FACTURADOS
A84: Producto | B84: Precio Unit. (Q) | C84: Valor en existencia (Q)
A85: Mariluna Blanco | B85: 112.5 | C85: 337.5
A86: La Val | B86: 154.93 | C86: 464.79
A87: Cousino Chardonnay | B87: 98 | C87: 196
A88: Pasion de Bobal | B88: 104.5 | C88: 209
A89: Feeling For | B89: 38 | C89: 190
A90: Bohigas Cava | B90: 135.26 | C90: 270.52
A91: Bohigas Garnatxa | B91: 136.29 | C91: 272.58
A92: Mariluna Tinto | B92: 117.5 | C92: 470
A93: Cousino Cabernet | B93: 98 | C93: 490
A94: La Linda | B94: 125 | C94: 375
A95: Pulpe | B95: 170 | C95: 170
A96: Sangiovese | B96: 38 | C96: 152
A97: Real Compania | B97: 55 | C97: 220
A98: Subtotal Vinos facturados | C98: =SUM(C85:C97) -> 3817.39
A100: CERVEZAS Y SODAS
A101: Producto | B101: Precio Unit. (Q) | C101: Valor en existencia (Q)
A102: Gallo | B102: 157 | C102: 104.67
A103: Gallo lata | B103: 199 | C103: 447.75
A104: Cabro | B104: 245.7 | C104: 112.61
A105: Monte Carlo | B105: 245.7 | C105: 153.56
A106: Sin Novia | B106: 450 | C106: 281.25
A107: Muy Noble | B107: 450 | C107: 300
A108: Stangen | B108: 107.5 | C108: 53.75
A109: Weissbeer | B109: 107.5 | C109: 71.67
A110: IPA | B110: 107.5 | C110: 0
A111: Golden Ale | B111: 107.5 | C111: 71.67
A112: Coca Cola Cero | B112: 90 | C112: 0
...

Sheet DETALLE COCINA
A1: DETALLE INVENTARIO COCINA - CIERRE MAYO 2026
A3: CARNES
A4: Producto | B4: Existencia | C4: Precio (Q) | D4: Valor (Q)
A5: Lomito | B5: 27 | C5: 58 | D5: 587.25
A6: Lomito hamburguesa | B6: 15 | C6: 58 | D6: 217.5
A7: Lomito carpaccio | B7: 2 | C7: 58 | D7: 116
A8: Brisket | B8: 15 | C8: 33 | D8: 123.75
A9: Puyazo | B9: 0 | C9: 72 | D9: 0
A10: Entrana | B10: 0 | C10: 107.65 | D10: 0
A11: Rib Eye | B11: 0 | C11: 193.83 | D11: 0
A12: Costilla | B12: 0 | C12: 24.19 | D12: 0
A13: Costilla porcion | B13: 13 | C13: 20 | D13: 105.625
A14: Tocino | B14: 1 | C14: 60 | D14: 60
A15: Tablas de jamones | B15: 8 | C15: 24 | D15: 192
A16: Subtotal Carnes | D16: =SUM(D5:D15) -> 1402.125
A18: MARISCOS
A19: Producto | B19: Existencia | C19: Precio (Q) | D19: Valor (Q)
A20: Robalo | B20: 0 | C20: 85 | D20: 0
A21: Dorado | B21: 0 | C21: 65 | D21: 0
A22: Dorado porcion | B22: 12 | C22: 26.5 | D22: 119.25
A23: Pargo | B23: 0 | C23: 58 | D23: 0
A24: Atun | B24: 0 | C24: 85 | D24: 0
A25: Pulpo | B25: 0 | C25: 38 | D25: 0
A26: Pulpo porcion | B26: 10 | C26: 30 | D26: 75
A27: Camaron U10 | B27: 0 | C27: 65 | D27: 0
A28: Camaron porcion | B28: 12 | C28: 32.5 | D28: 121.875
A29: Subtotal Mariscos | D29: =SUM(D20:D28) -> 316.125
A31: AVES Y LACTEOS
A32: Producto | B32: Existencia | C32: Precio (Q) | D32: Valor (Q)
A33: Pechuga de pollo | B33: 0 | C33: 26.186 | D33: 0
A34: Pechuga de pollo porcion | B34: 16 | C34: 17.5 | D34: 105
A35: Huevos | B35: 15 | C35: 1.2 | D35: 18
A36: Camembert | B36: 3 | C36: 49 | D36: 147
A37: Camembert empanizado | B37: 7 | C37: 30 | D37: 105
A38: Camembert tabla | B38: 0 | C38: 12.25 | D38: 0
A39: Mozarella | B39: 2 | C39: 36 | D39: 72
A40: Parmezano | B40: 1.5 | C40: 67 | D40: 100.5
A41: Crema granel | B41: 2 | C41: 43 | D41: 86
A42: Labneh | B42: 3 | C42: 40 | D42: 120
A43: Mantequilla | B43: 5 | C43: 57.75 | D43: 288.75
A44: Parmezano Parma | B44: 0 | C44: 69 | D44: 0
... A50: Leche entera | B50: 3 | C50: 18 | D50: 54
A51: Subtotal Aves y Lacteos | D51: =SUM(D33:D50) -> 1369.84
A53: ABARROTES
A54: Producto | B54: Existencia | C54: Precio (Q) | D54: Valor (Q)
A55: Aceite de Ajonjoli | B55: 0 | C55: 305.56 | D55: 0
A56: Aceite Vegetal | B56: 1 | C56: 22.15 | D56: 22.15
A57: Aceite de Oliva | B57: 3 | C57: 111 | D57: 333
A58: Alcaparras Baby | B58: 1.8 | C58: 95 | D58: 171
A59: Arroz | B59: 3 | C59: 3.5 | D59: 10.5
A60: Azucar Blanca | B60: 25 | C60: 4.22 | D60: 105.5
A61: Cocoa amarga | B61: 0.5 | C61: 25 | D61: 12.5
A62: Cous Cous | B62: 6 | C62: 23.5 | D62: 141
A63: Gas Butano | B63: 1 | C63: 18 | D63: 18
A64: Gelatina sin sabor | B64: 1 | C64: 83.4 | D64: 83.4
A65: Harina | B65: 5 | C65: 3.91 | D65: 19.55
A66: Levadura | B66: 0.2 | C66: 18 | D66: 3.6
... A85: Aceitunas | B85: 0 | C85: 40 | D85: 0
A86: Subtotal Abarrotes | D86: =SUM(D55:D85) -> 1294.06
A88: VERDURAS Y ESPECIAS
A89: Producto | B89: Existencia | C89: Precio (Q) | D89: Valor (Q)
A90: Achiote Semilla | B90: 0 | C90: 30 | D90: 0
A91: Aguacate | B91: 8 | C91: 1.5 | D91: 12
A92: Ajo | B92: 3 | C92: 18 | D92: 54
A93: Ajonjoli | B93: 4 | C93: 5 | D93: 20
A94: Albahaca | B94: 0 | C94: 10 | D94: 0
A95: Albahaca seca | B95: 0 | C95: 5 | D95: 0
A96: Anis Estrella | B96: 1 | C96: 5 | D96: 5
A97: Apio | B97: 0 | C97: 5 | D97: 0
A98: Arveja Pelada | B98: 2 | C98: 30 | D98: 60
A99: Arugula | B99: 0.5 | C99: 54 | D99: 27
A100: Bock Choy | B100: 1 | C100: 18 | D100: 18
A101: Brocoli | B101: 2 | C101: 10 | D101: 20
... A163: Zuquini Verde | B163: 3 | C163: 3 | D163: 9
A164: Subtotal Verduras y Especias | D164: =SUM(D90:D163) -> 1080.756
A166: PRODUCCION ROSANTA
A167: Producto | B167: Existencia | C167: Precio (Q) | D167: Valor (Q)
A168: Rabanos encurtidos | B168: 0.5 | C168: 15 | D168: 7.5
A169: Melocotones macerados | B169: 1 | C169: 35 | D169: 35
A170: Chips de malanga | B170: 2 | C170: 50 | D170: 100
A171: Vinagreta | B171: 1 | C171: 30 | D171: 30
A172: Fresas maceradas | B172: 2 | C172: 20 | D172: 40
A173: Compota de tomate | B173: 3 | C173: 20 | D173: 60
A174: Mermelada de cebolla | B174: 5 | C174: 15 | D174: 75
A175: Papa baby cocida | B175: 2 | C175: 5 | D175: 10
A176: Pure de Arveja | B176: 2 | C176: 30 | D176: 60
A177: Mayonesa de hierba luisa | B177: 1 | C177: 15 | D177: 15
A178: Supremas de Naranja | B178: 1 | C178: 15 | D178: 15
A179: Tomates rostizados | B179: 2 | C179: 15 | D179: 30
... A223: Salsa Bordolesa | B223: 0 | C223: 26.5 | D223: 0
A224: Subtotal Produccion Rosanta | D224: =SUM(D168:D223) -> 1982.5
A226: DOORWAYS-VIJUSA (LIMPIEZA)
A227: Producto | B227: Existencia | C227: Precio (Q) | D227: Valor (Q)
A228: Deosil Cat | B228: 0.2 | C228: 299 | D228: 59.8
A229: Visclor | B229: 0.5 | C229: 254 | D229: 127
A230: Proqui | B230: 0.1 | C230: 260 | D230: 26
A231: Tensogel | B231: 0 | C231: 333 | D231: 0
A232: Tensol Ultra | B232: 0.5 | C232: 333 | D232: 166.5
A233: Axion Crema | B233: 0 | C233: 14.15 | D233: 0
A234: Esponjas brie | B234: 5 | C234: 14 | D234: 70
...
